,banqiao_new,taoyuan_new,zhongming_new,wanhua_new,tainan_new,qianjin_new
covariance,115.874626702122,148.4927185932448,219.08082314961766,103.37251692934697,181.71993435399568,138.7209017657636
correlation,0.841008637275413,0.8394263220702625,0.8927017021479031,0.8178462596317606,0.7838609174219568,0.7652821290551364
error_rate,78.97372949077757,90.6678464136645,74.27592493936137,85.96061059088196,79.96072157668584,70.09778204861864
MSE,159.65361521672924,232.05130604336895,292.14659918178,174.025867105984,461.251483115942,337.9629846113343
RMSE,12.635411161364289,15.23323032200882,17.09229648648127,13.191886411957313,21.476766123323642,18.383769597428444
MAE,10.279134543178975,12.488544940289126,14.219282955499581,10.664978297513697,17.74862277432712,15.568895115246354
R2,0.7072955279718611,0.7046365501844084,0.7969163290177603,0.6688725043936655,0.6144379378615906,0.5856567370511669
